scores,losses
0.8149726110773,0.33992741358167
0.8149726110773,0.33928312900181
0.8149726110773,0.33843358772516
0.8149726110773,0.33733373374486
